{"cameraMode":{"drawMode":0,"name":"Shaded","section":"Shading Mode"},"sceneLighting":true,"audioPlay":false,"sceneViewState":{"showFog":false,"showMaterialUpdate":false,"showSkybox":false,"showFlares":false,"showImageEffects":false,"showParticleSystems":false},"in2DMode":false,"pivot":{"x":493.02935791015627,"y":416.5540771484375,"z":-18.0549373626709},"rotation":{"x":-0.26345106959342959,"y":-0.3494374454021454,"z":0.10306298732757569,"w":-0.893230140209198},"size":1340.9508056640625,"orthographic":false}